{"0":[-1.797721847738385,-2.180537844199384,-0.7791608422106198],"1":[-1.6525880697634605,-9.784503636798867,-14.253389139174823],"2":[-11.635472402980064,-2.821638684441356,-16.128633619177972]}